date,calls,aht_seconds,is_spike_day
2023-01-01,264,296,False
2023-01-02,600,283,False
2023-01-03,560,281,False
2023-01-04,608,283,False
2023-01-05,502,281,False
2023-01-06,583,278,False
2023-01-07,284,295,False
2023-01-08,227,298,False
2023-01-09,602,276,False
2023-01-10,556,282,False
2023-01-11,547,285,False
2023-01-12,556,281,False
2023-01-13,617,283,False
2023-01-14,353,290,False
2023-01-15,219,301,False
2023-01-16,641,276,False
2023-01-17,577,282,False
2023-01-18,549,283,False
2023-01-19,612,280,False
2023-01-20,601,281,False
2023-01-21,317,296,False
2023-01-22,263,294,False
2023-01-23,668,275,False
2023-01-24,586,279,False
2023-01-25,575,280,False
2023-01-26,550,285,False
2023-01-27,650,279,False
2023-01-28,346,295,False
2023-01-29,245,297,False
2023-01-30,596,276,False
2023-01-31,627,278,False
2023-02-01,544,284,False
2023-02-02,548,283,False
2023-02-03,585,281,False
2023-02-04,310,293,False
2023-02-05,267,297,False
2023-02-06,651,277,False
2023-02-07,544,279,False
2023-02-08,536,280,False
2023-02-09,530,281,False
2023-02-10,596,277,False
2023-02-11,324,296,False
2023-02-12,213,298,False
2023-02-13,656,277,False
2023-02-14,595,281,False
2023-02-15,1012,255,True
2023-02-16,548,284,False
2023-02-17,588,279,False
2023-02-18,335,296,False
2023-02-19,233,302,False
2023-02-20,646,279,False
2023-02-21,556,282,False
2023-02-22,540,284,False
2023-02-23,541,283,False
2023-02-24,593,282,False
2023-02-25,293,300,False
2023-02-26,227,296,False
2023-02-27,637,274,False
2023-02-28,538,284,False
2023-03-01,565,283,False
2023-03-02,488,284,False
2023-03-03,595,282,False
2023-03-04,347,293,False
2023-03-05,265,296,False
2023-03-06,629,274,False
2023-03-07,556,279,False
2023-03-08,535,282,False
2023-03-09,538,282,False
2023-03-10,564,281,False
2023-03-11,267,295,False
2023-03-12,230,297,False
2023-03-13,566,280,False
2023-03-14,545,285,False
2023-03-15,543,282,False
2023-03-16,506,286,False
2023-03-17,599,280,False
2023-03-18,311,296,False
2023-03-19,211,300,False
2023-03-20,595,278,False
2023-03-21,559,284,False
2023-03-22,564,281,False
2023-03-23,519,283,False
2023-03-24,534,286,False
2023-03-25,264,295,False
2023-03-26,214,299,False
2023-03-27,556,279,False
2023-03-28,557,280,False
2023-03-29,517,284,False
2023-03-30,507,287,False
2023-03-31,591,280,False
2023-04-01,317,291,False
2023-04-02,193,300,False
2023-04-03,575,281,False
2023-04-04,518,282,False
2023-04-05,493,285,False
2023-04-06,492,287,False
2023-04-07,519,284,False
2023-04-08,252,298,False
2023-04-09,220,300,False
2023-04-10,589,281,False
2023-04-11,512,285,False
2023-04-12,510,280,False
2023-04-13,506,285,False
2023-04-14,608,286,False
2023-04-15,281,293,False
2023-04-16,201,298,False
2023-04-17,538,281,False
2023-04-18,485,285,False
2023-04-19,529,288,False
2023-04-20,476,282,False
2023-04-21,565,282,False
2023-04-22,267,296,False
2023-04-23,235,297,False
2023-04-24,531,279,False
2023-04-25,516,286,False
2023-04-26,432,285,False
2023-04-27,503,288,False
2023-04-28,507,282,False
2023-04-29,285,296,False
2023-04-30,224,302,False
2023-05-01,1005,257,True
2023-05-02,505,287,False
2023-05-03,471,288,False
2023-05-04,457,284,False
2023-05-05,557,285,False
2023-05-06,273,297,False
2023-05-07,249,296,False
2023-05-08,555,282,False
2023-05-09,461,288,False
2023-05-10,461,288,False
2023-05-11,475,283,False
2023-05-12,506,290,False
2023-05-13,315,295,False
2023-05-14,219,301,False
2023-05-15,521,283,False
2023-05-16,466,287,False
2023-05-17,491,286,False
2023-05-18,490,288,False
2023-05-19,548,283,False
2023-05-20,345,294,False
2023-05-21,236,298,False
2023-05-22,532,284,False
2023-05-23,468,286,False
2023-05-24,488,287,False
2023-05-25,427,292,False
2023-05-26,498,283,False
2023-05-27,276,296,False
2023-05-28,202,296,False
2023-05-29,545,282,False
2023-05-30,491,282,False
2023-05-31,469,287,False
2023-06-01,461,290,False
2023-06-02,496,285,False
2023-06-03,228,298,False
2023-06-04,207,300,False
2023-06-05,535,281,False
2023-06-06,527,285,False
2023-06-07,485,289,False
2023-06-08,429,291,False
2023-06-09,511,286,False
2023-06-10,276,296,False
2023-06-11,205,298,False
2023-06-12,585,285,False
2023-06-13,492,287,False
2023-06-14,507,286,False
2023-06-15,482,290,False
2023-06-16,515,284,False
2023-06-17,305,297,False
2023-06-18,226,299,False
2023-06-19,515,283,False
2023-06-20,469,286,False
2023-06-21,495,291,False
2023-06-22,452,290,False
2023-06-23,505,285,False
2023-06-24,243,297,False
2023-06-25,225,298,False
2023-06-26,548,283,False
2023-06-27,555,283,False
2023-06-28,443,290,False
2023-06-29,457,285,False
2023-06-30,545,282,False
2023-07-01,257,297,False
2023-07-02,202,297,False
2023-07-03,569,284,False
2023-07-04,487,288,False
2023-07-05,525,286,False
2023-07-06,460,289,False
2023-07-07,463,285,False
2023-07-08,258,296,False
2023-07-09,255,300,False
2023-07-10,599,282,False
2023-07-11,490,285,False
2023-07-12,465,288,False
2023-07-13,533,285,False
2023-07-14,513,284,False
2023-07-15,259,300,False
2023-07-16,254,301,False
2023-07-17,580,282,False
2023-07-18,492,287,False
2023-07-19,471,289,False
2023-07-20,465,288,False
2023-07-21,529,287,False
2023-07-22,261,295,False
2023-07-23,204,298,False
2023-07-24,475,288,False
2023-07-25,478,286,False
2023-07-26,491,289,False
2023-07-27,456,288,False
2023-07-28,506,284,False
2023-07-29,280,296,False
2023-07-30,208,300,False
2023-07-31,521,282,False
2023-08-01,481,285,False
2023-08-02,474,289,False
2023-08-03,456,287,False
2023-08-04,545,279,False
2023-08-05,263,297,False
2023-08-06,253,297,False
2023-08-07,528,283,False
2023-08-08,499,284,False
2023-08-09,483,285,False
2023-08-10,469,289,False
2023-08-11,521,284,False
2023-08-12,277,296,False
2023-08-13,227,297,False
2023-08-14,575,280,False
2023-08-15,569,282,False
2023-08-16,500,287,False
2023-08-17,508,286,False
2023-08-18,565,283,False
2023-08-19,256,300,False
2023-08-20,212,298,False
2023-08-21,584,280,False
2023-08-22,602,284,False
2023-08-23,477,284,False
2023-08-24,481,287,False
2023-08-25,524,288,False
2023-08-26,292,297,False
2023-08-27,200,296,False
2023-08-28,554,283,False
2023-08-29,519,280,False
2023-08-30,524,286,False
2023-08-31,490,287,False
2023-09-01,548,285,False
2023-09-02,346,295,False
2023-09-03,233,300,False
2023-09-04,575,285,False
2023-09-05,574,283,False
2023-09-06,566,282,False
2023-09-07,479,285,False
2023-09-08,555,282,False
2023-09-09,307,296,False
2023-09-10,243,302,False
2023-09-11,559,281,False
2023-09-12,599,284,False
2023-09-13,546,283,False
2023-09-14,541,284,False
2023-09-15,581,281,False
2023-09-16,306,294,False
2023-09-17,223,297,False
2023-09-18,1109,252,True
2023-09-19,555,285,False
2023-09-20,525,286,False
2023-09-21,532,286,False
2023-09-22,591,280,False
2023-09-23,332,292,False
2023-09-24,251,299,False
2023-09-25,606,281,False
2023-09-26,589,286,False
2023-09-27,553,285,False
2023-09-28,528,287,False
2023-09-29,606,279,False
2023-09-30,296,297,False
2023-10-01,267,299,False
2023-10-02,635,276,False
2023-10-03,564,282,False
2023-10-04,499,283,False
2023-10-05,516,283,False
2023-10-06,613,280,False
2023-10-07,313,294,False
2023-10-08,234,298,False
2023-10-09,591,281,False
2023-10-10,612,277,False
2023-10-11,542,281,False
2023-10-12,551,283,False
2023-10-13,588,278,False
2023-10-14,344,293,False
2023-10-15,222,297,False
2023-10-16,594,276,False
2023-10-17,598,281,False
2023-10-18,570,282,False
2023-10-19,545,286,False
2023-10-20,661,275,False
2023-10-21,270,297,False
2023-10-22,250,298,False
2023-10-23,652,279,False
2023-10-24,617,279,False
2023-10-25,533,285,False
2023-10-26,564,278,False
2023-10-27,601,277,False
2023-10-28,334,297,False
2023-10-29,215,301,False
2023-10-30,657,277,False
2023-10-31,602,281,False
2023-11-01,576,279,False
2023-11-02,541,281,False
2023-11-03,648,278,False
2023-11-04,346,295,False
2023-11-05,243,298,False
2023-11-06,751,273,False
2023-11-07,641,278,False
2023-11-08,551,283,False
2023-11-09,599,278,False
2023-11-10,631,277,False
2023-11-11,362,292,False
2023-11-12,241,298,False
2023-11-13,670,276,False
2023-11-14,620,282,False
2023-11-15,607,276,False
2023-11-16,549,281,False
2023-11-17,618,277,False
2023-11-18,357,293,False
2023-11-19,289,295,False
2023-11-20,696,275,False
2023-11-21,668,275,False
2023-11-22,571,278,False
2023-11-23,565,282,False
2023-11-24,684,275,False
2023-11-25,334,294,False
2023-11-26,234,299,False
2023-11-27,725,270,False
2023-11-28,632,275,False
2023-11-29,599,282,False
2023-11-30,595,281,False
2023-12-01,662,276,False
2023-12-02,330,293,False
2023-12-03,261,297,False
2023-12-04,714,272,False
2023-12-05,630,275,False
2023-12-06,630,276,False
2023-12-07,531,287,False
2023-12-08,652,277,False
2023-12-09,320,296,False
2023-12-10,262,302,False
2023-12-11,680,273,False
2023-12-12,574,282,False
2023-12-13,629,279,False
2023-12-14,638,276,False
2023-12-15,612,275,False
2023-12-16,355,292,False
2023-12-17,282,298,False
2023-12-18,681,272,False
2023-12-19,624,275,False
2023-12-20,599,279,False
2023-12-21,604,277,False
2023-12-22,668,275,False
2023-12-23,391,291,False
2023-12-24,267,297,False
2023-12-25,688,275,False
2023-12-26,605,279,False
2023-12-27,598,279,False
2023-12-28,661,280,False
2023-12-29,710,273,False
2023-12-30,305,293,False
2023-12-31,284,295,False
2024-01-01,739,273,False
2024-01-02,680,279,False
2024-01-03,608,282,False
2024-01-04,607,278,False
2024-01-05,682,276,False
2024-01-06,361,290,False
2024-01-07,280,295,False
2024-01-08,717,269,False
2024-01-09,640,277,False
2024-01-10,626,277,False
2024-01-11,652,277,False
2024-01-12,660,275,False
2024-01-13,310,294,False
2024-01-14,303,294,False
2024-01-15,702,271,False
2024-01-16,656,279,False
2024-01-17,618,274,False
2024-01-18,595,278,False
2024-01-19,623,276,False
2024-01-20,315,292,False
2024-01-21,236,298,False
2024-01-22,714,272,False
2024-01-23,676,272,False
2024-01-24,653,277,False
2024-01-25,592,278,False
2024-01-26,621,272,False
2024-01-27,322,293,False
2024-01-28,257,295,False
2024-01-29,702,275,False
2024-01-30,662,278,False
2024-01-31,567,279,False
2024-02-01,605,277,False
2024-02-02,663,274,False
2024-02-03,359,291,False
2024-02-04,273,300,False
2024-02-05,1262,238,True
2024-02-06,635,280,False
2024-02-07,584,275,False
2024-02-08,593,278,False
2024-02-09,676,272,False
2024-02-10,311,294,False
2024-02-11,271,298,False
2024-02-12,715,276,False
2024-02-13,620,277,False
2024-02-14,596,282,False
2024-02-15,568,280,False
2024-02-16,610,280,False
2024-02-17,373,295,False
2024-02-18,276,298,False
2024-02-19,703,274,False
2024-02-20,635,276,False
2024-02-21,611,279,False
2024-02-22,604,278,False
2024-02-23,644,279,False
2024-02-24,375,290,False
2024-02-25,261,295,False
2024-02-26,628,276,False
2024-02-27,597,274,False
2024-02-28,585,282,False
2024-02-29,591,277,False
2024-03-01,611,280,False
2024-03-02,367,294,False
2024-03-03,276,296,False
2024-03-04,644,275,False
2024-03-05,610,279,False
2024-03-06,553,279,False
2024-03-07,598,279,False
2024-03-08,642,277,False
2024-03-09,312,293,False
2024-03-10,254,298,False
2024-03-11,665,278,False
2024-03-12,600,282,False
2024-03-13,548,281,False
2024-03-14,561,280,False
2024-03-15,628,281,False
2024-03-16,367,296,False
2024-03-17,290,299,False
2024-03-18,649,278,False
2024-03-19,641,281,False
2024-03-20,567,283,False
2024-03-21,523,280,False
2024-03-22,651,274,False
2024-03-23,326,295,False
2024-03-24,265,298,False
2024-03-25,656,277,False
2024-03-26,585,280,False
2024-03-27,593,280,False
2024-03-28,632,280,False
2024-03-29,665,276,False
2024-03-30,296,296,False
2024-03-31,225,299,False
2024-04-01,694,276,False
2024-04-02,609,282,False
2024-04-03,570,280,False
2024-04-04,583,284,False
2024-04-05,599,282,False
2024-04-06,333,295,False
2024-04-07,211,296,False
2024-04-08,590,277,False
2024-04-09,564,280,False
2024-04-10,546,281,False
2024-04-11,519,284,False
2024-04-12,646,278,False
2024-04-13,333,295,False
2024-04-14,244,298,False
2024-04-15,633,279,False
2024-04-16,541,279,False
2024-04-17,558,281,False
2024-04-18,571,281,False
2024-04-19,621,277,False
2024-04-20,323,296,False
2024-04-21,245,299,False
2024-04-22,591,281,False
2024-04-23,577,276,False
2024-04-24,587,282,False
2024-04-25,546,286,False
2024-04-26,597,276,False
2024-04-27,314,294,False
2024-04-28,204,302,False
2024-04-29,594,279,False
2024-04-30,585,283,False
2024-05-01,479,283,False
2024-05-02,558,286,False
2024-05-03,535,281,False
2024-05-04,324,291,False
2024-05-05,245,296,False
2024-05-06,629,280,False
2024-05-07,571,279,False
2024-05-08,565,281,False
2024-05-09,512,281,False
2024-05-10,578,278,False
2024-05-11,263,296,False
2024-05-12,252,299,False
2024-05-13,545,280,False
2024-05-14,534,282,False
2024-05-15,518,281,False
2024-05-16,504,285,False
2024-05-17,551,281,False
2024-05-18,253,298,False
2024-05-19,206,300,False
2024-05-20,575,279,False
2024-05-21,611,279,False
2024-05-22,529,284,False
2024-05-23,522,281,False
2024-05-24,598,282,False
2024-05-25,261,298,False
2024-05-26,208,297,False
2024-05-27,613,280,False
2024-05-28,555,282,False
2024-05-29,594,281,False
2024-05-30,552,284,False
2024-05-31,589,280,False
2024-06-01,267,297,False
2024-06-02,226,300,False
2024-06-03,632,280,False
2024-06-04,501,283,False
2024-06-05,504,285,False
2024-06-06,559,284,False
2024-06-07,593,280,False
2024-06-08,323,296,False
2024-06-09,226,301,False
2024-06-10,601,280,False
2024-06-11,575,283,False
2024-06-12,503,283,False
2024-06-13,558,285,False
2024-06-14,570,280,False
2024-06-15,299,296,False
2024-06-16,216,299,False
2024-06-17,605,277,False
2024-06-18,507,285,False
2024-06-19,561,283,False
2024-06-20,508,286,False
2024-06-21,571,282,False
2024-06-22,242,301,False
2024-06-23,212,300,False
2024-06-24,1042,250,True
2024-06-25,549,281,False
2024-06-26,493,285,False
2024-06-27,562,285,False
2024-06-28,525,283,False
2024-06-29,295,295,False
2024-06-30,241,300,False
2024-07-01,571,281,False
2024-07-02,596,281,False
2024-07-03,525,286,False
2024-07-04,477,283,False
2024-07-05,582,278,False
2024-07-06,329,295,False
2024-07-07,256,299,False
2024-07-08,574,279,False
2024-07-09,559,278,False
2024-07-10,497,288,False
2024-07-11,482,287,False
2024-07-12,503,284,False
2024-07-13,322,296,False
2024-07-14,238,297,False
2024-07-15,586,280,False
2024-07-16,540,282,False
2024-07-17,518,282,False
2024-07-18,534,283,False
2024-07-19,599,279,False
2024-07-20,310,297,False
2024-07-21,272,298,False
2024-07-22,605,278,False
2024-07-23,561,283,False
2024-07-24,471,286,False
2024-07-25,502,285,False
2024-07-26,574,278,False
2024-07-27,277,295,False
2024-07-28,199,298,False
2024-07-29,572,278,False
2024-07-30,555,281,False
2024-07-31,560,280,False
2024-08-01,553,289,False
2024-08-02,581,283,False
2024-08-03,263,294,False
2024-08-04,183,300,False
2024-08-05,630,280,False
2024-08-06,526,283,False
2024-08-07,582,284,False
2024-08-08,557,283,False
2024-08-09,557,284,False
2024-08-10,320,293,False
2024-08-11,216,298,False
2024-08-12,630,279,False
2024-08-13,535,285,False
2024-08-14,567,281,False
2024-08-15,587,279,False
2024-08-16,582,278,False
2024-08-17,268,299,False
2024-08-18,254,297,False
2024-08-19,633,280,False
2024-08-20,572,282,False
2024-08-21,540,282,False
2024-08-22,529,288,False
2024-08-23,608,280,False
2024-08-24,288,295,False
2024-08-25,241,298,False
2024-08-26,610,278,False
2024-08-27,609,281,False
2024-08-28,563,284,False
2024-08-29,567,279,False
2024-08-30,646,281,False
2024-08-31,300,297,False
2024-09-01,247,296,False
2024-09-02,1133,249,True
2024-09-03,586,283,False
2024-09-04,545,284,False
2024-09-05,564,280,False
2024-09-06,625,276,False
2024-09-07,314,298,False
2024-09-08,251,294,False
2024-09-09,655,274,False
2024-09-10,598,279,False
2024-09-11,569,278,False
2024-09-12,554,283,False
2024-09-13,658,276,False
2024-09-14,281,300,False
2024-09-15,211,300,False
2024-09-16,655,277,False
2024-09-17,570,282,False
2024-09-18,544,282,False
2024-09-19,578,277,False
2024-09-20,633,278,False
2024-09-21,281,297,False
2024-09-22,271,298,False
2024-09-23,753,274,False
2024-09-24,632,279,False
2024-09-25,574,282,False
2024-09-26,574,283,False
2024-09-27,626,275,False
2024-09-28,318,294,False
2024-09-29,256,298,False
2024-09-30,684,276,False
2024-10-01,616,279,False
2024-10-02,558,281,False
2024-10-03,566,282,False
2024-10-04,694,279,False
2024-10-05,375,296,False
2024-10-06,266,299,False
2024-10-07,670,274,False
2024-10-08,636,278,False
2024-10-09,578,283,False
2024-10-10,610,283,False
2024-10-11,672,277,False
2024-10-12,385,291,False
2024-10-13,282,297,False
2024-10-14,699,277,False
2024-10-15,646,277,False
2024-10-16,620,279,False
2024-10-17,587,278,False
2024-10-18,684,274,False
2024-10-19,335,290,False
2024-10-20,302,296,False
2024-10-21,728,271,False
2024-10-22,623,279,False
2024-10-23,607,281,False
2024-10-24,581,280,False
2024-10-25,675,276,False
2024-10-26,348,292,False
2024-10-27,238,299,False
2024-10-28,670,278,False
2024-10-29,611,273,False
2024-10-30,637,279,False
2024-10-31,556,282,False
2024-11-01,723,272,False
2024-11-02,364,293,False
2024-11-03,284,298,False
2024-11-04,708,274,False
2024-11-05,666,276,False
2024-11-06,677,277,False
2024-11-07,668,276,False
2024-11-08,722,274,False
2024-11-09,360,295,False
2024-11-10,292,295,False
2024-11-11,1401,237,True
2024-11-12,720,275,False
2024-11-13,668,273,False
2024-11-14,645,278,False
2024-11-15,709,273,False
2024-11-16,408,292,False
2024-11-17,299,296,False
2024-11-18,774,268,False
2024-11-19,670,277,False
2024-11-20,634,278,False
2024-11-21,660,276,False
2024-11-22,691,274,False
2024-11-23,394,292,False
2024-11-24,217,299,False
2024-11-25,775,275,False
2024-11-26,701,276,False
2024-11-27,613,281,False
2024-11-28,673,279,False
2024-11-29,672,272,False
2024-11-30,370,295,False
2024-12-01,336,293,False
2024-12-02,717,270,False
2024-12-03,695,276,False
2024-12-04,661,279,False
2024-12-05,665,272,False
2024-12-06,686,275,False
2024-12-07,397,289,False
2024-12-08,313,295,False
2024-12-09,710,270,False
2024-12-10,691,276,False
2024-12-11,638,279,False
2024-12-12,666,271,False
2024-12-13,717,275,False
2024-12-14,355,294,False
2024-12-15,272,297,False
2024-12-16,730,271,False
2024-12-17,659,279,False
2024-12-18,675,273,False
2024-12-19,666,277,False
2024-12-20,741,271,False
2024-12-21,363,293,False
2024-12-22,310,299,False
2024-12-23,720,267,False
2024-12-24,653,277,False
2024-12-25,667,275,False
2024-12-26,689,276,False
2024-12-27,705,270,False
2024-12-28,387,291,False
2024-12-29,250,297,False
2024-12-30,755,271,False
2024-12-31,702,274,False
2025-01-01,635,277,False
2025-01-02,659,273,False
2025-01-03,706,276,False
2025-01-04,393,292,False
2025-01-05,258,298,False
2025-01-06,784,270,False
2025-01-07,718,275,False
2025-01-08,623,277,False
2025-01-09,588,280,False
2025-01-10,761,267,False
2025-01-11,385,294,False
2025-01-12,262,298,False
2025-01-13,711,273,False
2025-01-14,700,275,False
2025-01-15,691,276,False
2025-01-16,704,271,False
2025-01-17,733,274,False
2025-01-18,349,292,False
2025-01-19,257,296,False
2025-01-20,754,271,False
2025-01-21,707,274,False
2025-01-22,665,279,False
2025-01-23,668,274,False
2025-01-24,768,268,False
2025-01-25,391,292,False
2025-01-26,251,298,False
2025-01-27,742,270,False
2025-01-28,710,274,False
2025-01-29,666,277,False
2025-01-30,703,274,False
2025-01-31,749,266,False
2025-02-01,398,288,False
2025-02-02,284,293,False
2025-02-03,774,271,False
2025-02-04,684,276,False
2025-02-05,648,276,False
2025-02-06,681,277,False
2025-02-07,697,275,False
2025-02-08,422,290,False
2025-02-09,291,296,False
2025-02-10,785,268,False
2025-02-11,712,274,False
2025-02-12,700,274,False
2025-02-13,647,277,False
2025-02-14,740,272,False
2025-02-15,346,292,False
2025-02-16,264,295,False
2025-02-17,725,268,False
2025-02-18,645,276,False
2025-02-19,1238,243,True
2025-02-20,674,277,False
2025-02-21,735,273,False
2025-02-22,391,290,False
2025-02-23,279,293,False
2025-02-24,753,270,False
2025-02-25,698,274,False
2025-02-26,605,276,False
2025-02-27,653,277,False
2025-02-28,668,274,False
2025-03-01,352,294,False
2025-03-02,272,297,False
2025-03-03,759,274,False
2025-03-04,687,276,False
2025-03-05,577,281,False
2025-03-06,659,279,False
2025-03-07,691,274,False
2025-03-08,409,291,False
2025-03-09,288,293,False
2025-03-10,718,271,False
2025-03-11,604,276,False
2025-03-12,606,277,False
2025-03-13,618,279,False
2025-03-14,698,275,False
2025-03-15,372,290,False
2025-03-16,288,294,False
2025-03-17,712,272,False
2025-03-18,646,272,False
2025-03-19,612,277,False
2025-03-20,642,276,False
2025-03-21,709,278,False
2025-03-22,346,287,False
2025-03-23,291,297,False
2025-03-24,698,273,False
2025-03-25,612,276,False
2025-03-26,651,275,False
2025-03-27,594,277,False
2025-03-28,675,274,False
2025-03-29,350,294,False
2025-03-30,235,298,False
2025-03-31,714,277,False
2025-04-01,649,275,False
2025-04-02,612,280,False
2025-04-03,600,283,False
2025-04-04,660,279,False
2025-04-05,326,292,False
2025-04-06,259,296,False
2025-04-07,716,274,False
2025-04-08,656,276,False
2025-04-09,552,281,False
2025-04-10,632,281,False
2025-04-11,658,276,False
2025-04-12,335,292,False
2025-04-13,265,298,False
2025-04-14,649,276,False
2025-04-15,649,277,False
2025-04-16,605,274,False
2025-04-17,626,281,False
2025-04-18,701,278,False
2025-04-19,335,295,False
2025-04-20,305,296,False
2025-04-21,676,279,False
2025-04-22,645,276,False
2025-04-23,586,278,False
2025-04-24,612,276,False
2025-04-25,684,278,False
2025-04-26,385,293,False
2025-04-27,261,298,False
2025-04-28,677,275,False
2025-04-29,632,276,False
2025-04-30,587,277,False
2025-05-01,555,276,False
2025-05-02,653,276,False
2025-05-03,328,294,False
2025-05-04,279,297,False
2025-05-05,677,276,False
2025-05-06,633,277,False
2025-05-07,607,281,False
2025-05-08,563,285,False
2025-05-09,663,275,False
2025-05-10,552,283,True
2025-05-11,229,298,False
2025-05-12,637,277,False
2025-05-13,579,278,False
2025-05-14,549,282,False
2025-05-15,592,277,False
2025-05-16,615,278,False
2025-05-17,337,297,False
2025-05-18,237,304,False
2025-05-19,662,278,False
2025-05-20,599,281,False
2025-05-21,558,280,False
2025-05-22,594,279,False
2025-05-23,637,276,False
2025-05-24,281,296,False
2025-05-25,200,299,False
2025-05-26,668,276,False
2025-05-27,589,278,False
2025-05-28,579,284,False
2025-05-29,561,280,False
2025-05-30,635,275,False
2025-05-31,341,294,False
2025-06-01,244,300,False
2025-06-02,629,274,False
2025-06-03,596,280,False
2025-06-04,581,281,False
2025-06-05,609,278,False
2025-06-06,615,277,False
2025-06-07,288,296,False
2025-06-08,220,297,False
2025-06-09,664,277,False
2025-06-10,556,277,False
2025-06-11,594,278,False
2025-06-12,579,283,False
2025-06-13,648,279,False
2025-06-14,336,293,False
2025-06-15,234,300,False
2025-06-16,607,278,False
2025-06-17,627,280,False
2025-06-18,554,286,False
2025-06-19,558,278,False
2025-06-20,639,273,False
2025-06-21,361,292,False
2025-06-22,288,293,False
2025-06-23,623,279,False
2025-06-24,609,279,False
2025-06-25,559,284,False
2025-06-26,519,287,False
2025-06-27,606,275,False
2025-06-28,361,294,False
2025-06-29,262,298,False
2025-06-30,681,276,False
2025-07-01,600,281,False
2025-07-02,597,280,False
2025-07-03,585,280,False
2025-07-04,666,280,False
2025-07-05,354,292,False
2025-07-06,246,298,False
2025-07-07,691,274,False
2025-07-08,558,282,False
2025-07-09,590,282,False
2025-07-10,559,279,False
2025-07-11,621,281,False
2025-07-12,339,294,False
2025-07-13,258,297,False
2025-07-14,713,276,False
2025-07-15,602,276,False
2025-07-16,565,282,False
2025-07-17,573,279,False
2025-07-18,620,277,False
2025-07-19,327,294,False
2025-07-20,257,297,False
2025-07-21,704,270,False
2025-07-22,598,279,False
2025-07-23,550,280,False
2025-07-24,590,284,False
2025-07-25,628,276,False
2025-07-26,299,294,False
2025-07-27,265,295,False
2025-07-28,697,275,False
2025-07-29,591,280,False
2025-07-30,575,277,False
2025-07-31,607,281,False
2025-08-01,659,277,False
2025-08-02,356,300,False
2025-08-03,246,296,False
2025-08-04,718,275,False
2025-08-05,560,280,False
2025-08-06,577,282,False
2025-08-07,552,283,False
2025-08-08,1155,247,True
2025-08-09,322,295,False
2025-08-10,287,297,False
2025-08-11,617,276,False
2025-08-12,598,279,False
2025-08-13,625,276,False
2025-08-14,614,281,False
2025-08-15,673,273,False
2025-08-16,308,297,False
2025-08-17,245,298,False
2025-08-18,730,271,False
2025-08-19,599,279,False
2025-08-20,608,277,False
2025-08-21,597,281,False
2025-08-22,627,277,False
2025-08-23,350,293,False
2025-08-24,271,299,False
2025-08-25,692,274,False
2025-08-26,665,276,False
2025-08-27,632,277,False
2025-08-28,610,277,False
2025-08-29,706,272,False
2025-08-30,340,289,False
2025-08-31,235,297,False
2025-09-01,668,272,False
2025-09-02,628,281,False
2025-09-03,666,274,False
2025-09-04,625,279,False
2025-09-05,696,276,False
2025-09-06,344,292,False
2025-09-07,293,295,False
2025-09-08,691,274,False
2025-09-09,652,277,False
2025-09-10,636,276,False
2025-09-11,659,280,False
2025-09-12,723,275,False
2025-09-13,323,293,False
2025-09-14,251,299,False
2025-09-15,727,275,False
2025-09-16,649,272,False
2025-09-17,691,277,False
2025-09-18,673,274,False
2025-09-19,699,274,False
2025-09-20,375,292,False
2025-09-21,274,295,False
2025-09-22,738,272,False
2025-09-23,620,278,False
2025-09-24,651,279,False
2025-09-25,643,277,False
2025-09-26,732,271,False
2025-09-27,350,291,False
2025-09-28,239,298,False
2025-09-29,680,276,False
2025-09-30,679,275,False
2025-10-01,638,276,False
2025-10-02,666,277,False
2025-10-03,699,273,False
2025-10-04,350,295,False
2025-10-05,324,297,False
2025-10-06,742,273,False
2025-10-07,647,278,False
2025-10-08,679,275,False
2025-10-09,633,276,False
2025-10-10,710,275,False
2025-10-11,392,293,False
2025-10-12,237,296,False
2025-10-13,768,272,False
2025-10-14,672,275,False
2025-10-15,620,277,False
2025-10-16,641,276,False
2025-10-17,741,272,False
2025-10-18,375,290,False
2025-10-19,260,298,False
2025-10-20,794,273,False
2025-10-21,644,278,False
2025-10-22,652,277,False
2025-10-23,636,278,False
2025-10-24,717,271,False
2025-10-25,346,293,False
2025-10-26,299,296,False
2025-10-27,1478,226,True
2025-10-28,705,277,False
2025-10-29,631,274,False
2025-10-30,712,275,False
2025-10-31,761,274,False
2025-11-01,375,293,False
2025-11-02,317,296,False
2025-11-03,769,269,False
2025-11-04,707,273,False
2025-11-05,707,271,False
2025-11-06,703,272,False
2025-11-07,808,269,False
2025-11-08,458,289,False
2025-11-09,284,296,False
2025-11-10,761,269,False
2025-11-11,696,274,False
2025-11-12,673,274,False
2025-11-13,682,271,False
2025-11-14,707,268,False
2025-11-15,417,294,False
2025-11-16,229,300,False
2025-11-17,781,269,False
2025-11-18,778,271,False
2025-11-19,753,269,False
2025-11-20,690,276,False
2025-11-21,774,267,False
2025-11-22,424,289,False
2025-11-23,298,294,False
2025-11-24,806,265,False
2025-11-25,778,272,False
2025-11-26,670,274,False
2025-11-27,720,273,False
2025-11-28,741,269,False
2025-11-29,405,294,False
2025-11-30,242,298,False
2025-12-01,809,268,False
2025-12-02,754,274,False
2025-12-03,729,272,False
2025-12-04,729,271,False
2025-12-05,792,269,False
2025-12-06,384,292,False
2025-12-07,309,295,False
2025-12-08,801,268,False
2025-12-09,697,274,False
2025-12-10,699,278,False
2025-12-11,762,270,False
2025-12-12,787,265,False
2025-12-13,447,288,False
2025-12-14,301,300,False
2025-12-15,838,268,False
2025-12-16,753,272,False
2025-12-17,705,274,False
2025-12-18,724,273,False
2025-12-19,843,267,False
2025-12-20,401,293,False
2025-12-21,316,295,False
2025-12-22,812,272,False
2025-12-23,714,274,False
2025-12-24,749,270,False
2025-12-25,730,274,False
2025-12-26,779,271,False
2025-12-27,409,292,False
2025-12-28,290,293,False
2025-12-29,815,268,False
2025-12-30,755,269,False
